<?xml version="1.0" encoding="UTF-8"?>
<!--
 Copyright (C) 2017 Linagora

 This program is free software: you can redistribute it and/or modify
 it under the terms of the GNU Affero General Public License as
 published by the Free Software Foundation, either version 3 of the
 License, or (at your option) any later version.

 This program is distributed in the hope that it will be useful,
 but WITHOUT ANY WARRANTY; without even the implied warranty of
 MERCHANTABILITY or FITNESS FOR A PARTICULAR PURPOSE.  See the
 GNU Affero General Public License for more details.

 You should have received a copy of the GNU Affero General Public License
 along with this program.  If not, see http://www.gnu.org/licenses/.
-->
<jbi:jbi version="1.0" xmlns:jbi="http://java.sun.com/xml/ns/jbi" xmlns:xsi="http://www.w3.org/2001/XMLSchema-instance"
  xmlns:petalsCDK="http://petals.ow2.org/components/extensions/version-5" xmlns:soap="http://petals.ow2.org/components/soap/version-4">
  <jbi:component type="binding-component">
    <jbi:identification>
      <jbi:name>petals-component</jbi:name>
      <jbi:description>Petals Component</jbi:description>
    </jbi:identification>
    <jbi:component-class-name>Classname</jbi:component-class-name>
    <jbi:component-class-path>
      <jbi:path-element></jbi:path-element>
    </jbi:component-class-path>
    <jbi:bootstrap-class-name>Bootstrap</jbi:bootstrap-class-name>
    <jbi:bootstrap-class-path>
      <jbi:path-element></jbi:path-element>
    </jbi:bootstrap-class-path>
  </jbi:component>
</jbi:jbi>
